[{"model": "products.tag", "pk": "limited", "fields": {"name": "limited"}}, {"model": "products.tag", "pk": "new", "fields": {"name": "new"}}, {"model": "products.category", "pk": 1, "fields": {"name": "necklaces", "friendly_name": "Necklaces"}}, {"model": "products.category", "pk": 2, "fields": {"name": "earrings", "friendly_name": "Earrings"}}, {"model": "products.category", "pk": 3, "fields": {"name": "rings", "friendly_name": "Rings"}}, {"model": "products.category", "pk": 4, "fields": {"name": "sets", "friendly_name": "Sets"}}, {"model": "products.product", "pk": 1, "fields": {"category": 1, "sku": "nl00001", "name": "Akoya pearl design pendant with pt", "description": "With 4.5~7.5 mm size Akoya pearl with Pt900 D 0.04ct.\r\nLength: 40cm\r\nColor : White pink\r\nShape : Round\r\nThis Akoya pearl design necklace is suitable for any occasions.", "price": "1800.00", "stock": 5, "tags": ["limited", "new"]}}, {"model": "products.product", "pk": 2, "fields": {"category": 1, "sku": "nl00002", "name": "Akoya pearl necklace Unprocessed Natural white", "description": "Size: 9.0 - 9.5 mm\r\nMaterial: Original Silver925 clasp (rhodium coating)\r\nLength : About 42cm\r\nColor : Natural white color without tone\r\nShape : Round", "price": "4950.00", "stock": 2, "tags": ["limited"]}}, {"model": "products.product", "pk": 3, "fields": {"category": 1, "sku": "nl00003", "name": "Akoya pearl design necklace K18WG 5.5~8.5mm", "description": "K18WG 5.5~8.5mm Design necklace\r\nSize: 5.5~8.5 mm\r\nMaterial: K18WG D 0.51ct\r\nLength : About 42cm\r\nColor : White pink\r\nShape : Round", "price": "4600.00", "stock": 3, "tags": ["limited"]}}, {"model": "products.product", "pk": 4, "fields": {"category": 1, "sku": "nl00004", "name": "Akoya pearl design necklace K18WG 4.0~7.5mm", "description": "K18WG 4.0~7.5mm Design necklace\r\nSize: 4.0 - 7.5 mm\r\nMaterial: K18WG parts SV clasp\r\nLength: About 40 cm  5 cm with adjuster\r\nColor: White pink\r\nShape : Round", "price": "980.00", "stock": 10, "tags": []}}, {"model": "products.product", "pk": 5, "fields": {"category": 1, "sku": "nl00005", "name": "Akoya pearl necklace Silver925  7.5~8.0", "description": "7.5~8.0 mm Teri/Luster: B Nacre thickness: B Blemish/Dimples: C\r\nSize: 7.5 - 8.0 mm\r\nMaterial: Original Silver925 clasp (rhodium coating)\r\nLength:About 82cm\r\nColor:White pink\r\nShape:Round", "price": "1400.00", "stock": 5, "tags": []}}, {"model": "products.product", "pk": 6, "fields": {"category": 2, "sku": "er00001", "name": "Akoya pearl design earrings SV 8.5", "description": "SV 8.5mm Design pierced earrings\r\nSize: 8.5 mm\r\nMaterial: Silver(Rhodium coating) and CZ(Cubic Zirconia)\r\nColor: White Pink\r\nShape: Round", "price": "180.00", "stock": 20, "tags": ["new"]}}, {"model": "products.product", "pk": 7, "fields": {"category": 2, "sku": "er00002", "name": "Akoya pearl design pierced earrings K14WG 8.0", "description": "K14WG 8.0mm Design pierced earrings\r\nSize: 8.0 mm\r\nMaterial:K14WG\r\nColor: White pink\r\nShape: Round", "price": "630.00", "stock": 15, "tags": []}}, {"model": "products.product", "pk": 8, "fields": {"category": 2, "sku": "er00003", "name": "Akoya pearl design earrings K18WG 8.5", "description": "Item: Akoya pearl design pierced earrings\r\nSize: 8.5 mm\r\nMaterial: K18WG D0.30ct\r\nColor: White pink\r\nShape:  Round", "price": "250.00", "stock": 10, "tags": ["new"]}}, {"model": "products.product", "pk": 9, "fields": {"category": 2, "sku": "er00004", "name": "Akoya pearl simple earrings K14WG 9.0", "description": "K14WG 9.0mm Simple pierced earrings\r\nSize: 9.0 mm\r\nMaterial: K14WG\r\nColor: White pink", "price": "980.00", "stock": 5, "tags": ["limited"]}}, {"model": "products.product", "pk": 10, "fields": {"category": 2, "sku": "er00005", "name": "Akoya pearl design earrings", "description": "Pt /K14WG 7.5mm Design pierced earrings D0.10ct\r\nSize: 7.5 mm\r\nMaterial: Pt /K14WG D0.10ct \r\nAttachment type: Direct connection type\r\nColor: White pink\r\nShape: Round", "price": "750.00", "stock": 0, "tags": []}}, {"model": "products.product", "pk": 11, "fields": {"category": 3, "sku": "rg00001", "name": "Akoya pearl design ring K18WG 4.0", "description": "K18WG 4.0mm ring D0.08ct\r\nProduct name: Akoya pearl design ring\r\nSize: 4.0 mm\r\nOne size\r\nMaterial : K18WG D0.08ct\r\nColor :  White pink\r\nShape : Round", "price": "82.00", "stock": 10, "tags": []}}, {"model": "products.product", "pk": 12, "fields": {"category": 3, "sku": "rg00002", "name": "Akoya pearl K18WG 6.5mm design  ring one-size", "description": "K18WG 6.5mm ring\r\nSize: 6.5 mm\r\nMaterial : K18WG \r\nColor : White pink\r\nShape : Round", "price": "850.00", "stock": 10, "tags": []}}, {"model": "products.product", "pk": 13, "fields": {"category": 3, "sku": "rg00003", "name": "Akoya pearl design ring K18WG 7.0 one-size", "description": "K18WG 7.0mm ring free size\r\nSize: 7.0 mm\r\nMaterial : K18WG \r\nColor : White pink\r\nShape : Round", "price": "350.00", "stock": 10, "tags": []}}, {"model": "products.product", "pk": 14, "fields": {"category": 3, "sku": "rg00004", "name": "Akoya pearl design ring K18WG 4.5 one-size", "description": "K18WG 4.5mm Ring\r\nSize: 4.5 mm\r\nMaterial : K18WG\r\nColor : White pink\r\nShape : Round", "price": "1300.00", "stock": 10, "tags": ["new"]}}, {"model": "products.product", "pk": 15, "fields": {"category": 3, "sku": "rg00005", "name": "Akoya pearl design ring K18WG 8.5 one-size", "description": "K18WG 8.5mm Ring\r\nÑ110,000 Ñ137,500\r\nProduct name: Akoya pearl free size design ring\r\n\r\nSize: 8.5 mm\r\n\r\nMaterial : K18WG D 0.10ct\r\n\r\nColor : White pink\r\n\r\nShape : Round", "price": "1380.00", "stock": 10, "tags": []}}, {"model": "products.product", "pk": 16, "fields": {"category": 4, "sku": "st00001", "name": "Akoya pearl gray necklace set 8.0~8.5", "description": "8.0~8.5 mmGray Necklace earrings set Teri/Luster: A Nacre thickness: B Blemish/Dimples: C\r\nProduct name: Akoya pearl gray necklace\r\nSize: 8.0 - 8.5 mm\r\nMaterial: Original Silver925 clasp (rhodium coating)\r\nLength: About 42 cm (including metal fittings)\r\nColor : Gray (dark)\r\nShape : Round", "price": "1900.00", "stock": 10, "tags": []}}, {"model": "products.product", "pk": 17, "fields": {"category": 4, "sku": "st00002", "name": "Akoya pearl Natural blue necklace and earrnigs Unprocessed color", "description": "8.0~8.5 mm Natural blue Necklace pierced earrings set Teri/Luster: B Nacre thickness: A Blemish/Dimples: C\r\nProduct name: Akoya pearl Natural blue necklace Unprocessed color\r\nSize: 8.0 - 8.5 mm, 8.5 mm\r\nMaterial: Original Silver925 clasp (rhodium coating)\r\nLength: About 42cm (including metal fittings)\r\nColor : Natural blue\r\nShape: Round / Semi-round", "price": "2600.00", "stock": 10, "tags": []}}, {"model": "products.product", "pk": 18, "fields": {"category": 4, "sku": "st00003", "name": "Unprocessed color Akoya pearl necklace and earrings", "description": "8.0~8.5 mm Unprocessed color Teri/Luster Necklace earrings set Teri/Luster: B Nacre thickness: B Blemish/Dimples: B\r\nProduct name: Unprocessed color Akoya pearl necklace\r\nSize: 8.0 - 8.5 mm, 8.5 mm\r\nMaterial: Original Silver925 clasp (rhodium coating)\r\nLength: About 42 cm (including metal fittings)\r\nColor: Unprocessed color natural white\r\nShape: Round", "price": "3600.00", "stock": 5, "tags": []}}, {"model": "products.product", "pk": 19, "fields": {"category": 4, "sku": "st00004", "name": "Akoya pearl SV necklace and earrings set", "description": "7.0~7.5 mm Necklace earrings set Teri/Luster: B Nacre thickness: B Blemish/Dimples: B\r\nProduct name : Akoya pearl necklace\r\nSize :7.0 - 7.5 mm, 7.5 mm\r\nMaterial: SV\r\nLength: About 42cm\r\nColor: White pink\r\nShape: Round", "price": "1850.00", "stock": 0, "tags": []}}, {"model": "products.product", "pk": 20, "fields": {"category": 4, "sku": "st00005", "name": "Akoya pearl necklace and earrings set 7.0~7.5 SV", "description": "7.0~7.5 mm Necklace and earrings set Teri/Luster: B Nacre thickness: B Blemish/Dimples: C\r\nProduct name: Akoya pearl necklace\r\nSize  : 7.0 - 7.5 mm, 7.5 mm\r\nMaterial : SV\r\nLength : About 42cm\r\nColor : White Pink\r\nShape  : Round / semi-round", "price": "1200.00", "stock": 10, "tags": ["new"]}}, {"model": "products.productimages", "pk": 1, "fields": {"image": "pearl-necklace1-image1.jpg", "product": 1, "order": 1}}, {"model": "products.productimages", "pk": 2, "fields": {"image": "pearl-necklace1-image2.jpg", "product": 1, "order": 2}}, {"model": "products.productimages", "pk": 3, "fields": {"image": "pearl-necklace1-image3.jpg", "product": 1, "order": 3}}, {"model": "products.productimages", "pk": 4, "fields": {"image": "pearl-necklace2-image1.jpg", "product": 2, "order": 1}}, {"model": "products.productimages", "pk": 5, "fields": {"image": "pearl-necklace2-image2.jpg", "product": 2, "order": 2}}, {"model": "products.productimages", "pk": 6, "fields": {"image": "pearl-necklace2-image3.jpg", "product": 2, "order": 3}}, {"model": "products.productimages", "pk": 7, "fields": {"image": "pearl-necklace2-image1_zmePPQ0.jpg", "product": 3, "order": 1}}, {"model": "products.productimages", "pk": 8, "fields": {"image": "pearl-necklace3-image2.jpg", "product": 3, "order": 2}}, {"model": "products.productimages", "pk": 9, "fields": {"image": "pearl-necklace3-case.jpg", "product": 3, "order": 3}}, {"model": "products.productimages", "pk": 10, "fields": {"image": "pearl-necklace4-image1.jpg", "product": 4, "order": 1}}, {"model": "products.productimages", "pk": 11, "fields": {"image": "pearl-necklace4-image2.jpg", "product": 4, "order": 2}}, {"model": "products.productimages", "pk": 12, "fields": {"image": "pearl-necklace4-image3.jpg", "product": 4, "order": 3}}, {"model": "products.productimages", "pk": 13, "fields": {"image": "pearl-necklace5-image1.jpg", "product": 5, "order": 1}}, {"model": "products.productimages", "pk": 14, "fields": {"image": "pearl-necklace5-image2.jpg", "product": 5, "order": 2}}, {"model": "products.productimages", "pk": 15, "fields": {"image": "pearl-necklace5-case.jpg", "product": 5, "order": 3}}, {"model": "products.productimages", "pk": 16, "fields": {"image": "pearl-earring1-image1.jpg", "product": 6, "order": 1}}, {"model": "products.productimages", "pk": 17, "fields": {"image": "pearl-earring1-image2.jpg", "product": 6, "order": 2}}, {"model": "products.productimages", "pk": 18, "fields": {"image": "pearl-earring1-image3.jpg", "product": 6, "order": 3}}, {"model": "products.productimages", "pk": 19, "fields": {"image": "pearl-earring2-image1.jpg", "product": 7, "order": 1}}, {"model": "products.productimages", "pk": 20, "fields": {"image": "pearl-earring2-image2.jpg", "product": 7, "order": 2}}, {"model": "products.productimages", "pk": 21, "fields": {"image": "pearl-earring2-image3.jpg", "product": 7, "order": 3}}, {"model": "products.productimages", "pk": 22, "fields": {"image": "pearl-earring3-image1.jpg", "product": 8, "order": 1}}, {"model": "products.productimages", "pk": 23, "fields": {"image": "pearl-earring3-image2.jpg", "product": 8, "order": 2}}, {"model": "products.productimages", "pk": 24, "fields": {"image": "pearl-earring3-image3.jpg", "product": 8, "order": 3}}, {"model": "products.productimages", "pk": 25, "fields": {"image": "pearl-earring4-image1.jpg", "product": 9, "order": 1}}, {"model": "products.productimages", "pk": 26, "fields": {"image": "pearl-earring4-image2.jpg", "product": 9, "order": 2}}, {"model": "products.productimages", "pk": 27, "fields": {"image": "pearl-earring4-case.jpg", "product": 9, "order": 3}}, {"model": "products.productimages", "pk": 28, "fields": {"image": "pearl-earring5-image1.jpg", "product": 10, "order": 1}}, {"model": "products.productimages", "pk": 29, "fields": {"image": "pearl-earring5-image2.jpg", "product": 10, "order": 2}}, {"model": "products.productimages", "pk": 30, "fields": {"image": "pearl-earring5-image3.jpg", "product": 10, "order": 3}}, {"model": "products.productimages", "pk": 31, "fields": {"image": "pearl-ring1-image1.jpg", "product": 11, "order": 1}}, {"model": "products.productimages", "pk": 32, "fields": {"image": "pearl-ring1-image2.jpg", "product": 11, "order": 2}}, {"model": "products.productimages", "pk": 33, "fields": {"image": "pearl-ring1-image3.jpg", "product": 11, "order": 3}}, {"model": "products.productimages", "pk": 34, "fields": {"image": "pearl-ring2-image1.jpg", "product": 12, "order": 1}}, {"model": "products.productimages", "pk": 35, "fields": {"image": "pearl-ring2-image_2.jpg", "product": 12, "order": 2}}, {"model": "products.productimages", "pk": 36, "fields": {"image": "pearl-ring2-image3.jpg", "product": 12, "order": 3}}, {"model": "products.productimages", "pk": 37, "fields": {"image": "pearl-ring3-image1.jpg", "product": 13, "order": 1}}, {"model": "products.productimages", "pk": 38, "fields": {"image": "pearl-ring3-image2.jpg", "product": 13, "order": 2}}, {"model": "products.productimages", "pk": 39, "fields": {"image": "pearl-ring3-image3.jpg", "product": 13, "order": 3}}, {"model": "products.productimages", "pk": 40, "fields": {"image": "pearl-ring4-image1.jpg", "product": 14, "order": 1}}, {"model": "products.productimages", "pk": 41, "fields": {"image": "pearl-ring4-image2.jpg", "product": 14, "order": 2}}, {"model": "products.productimages", "pk": 42, "fields": {"image": "pearl-ring4-image3.jpg", "product": 14, "order": 3}}, {"model": "products.productimages", "pk": 43, "fields": {"image": "pearl-ring5-image1.jpg", "product": 15, "order": 1}}, {"model": "products.productimages", "pk": 44, "fields": {"image": "pearl-ring5-image2.jpg", "product": 15, "order": 2}}, {"model": "products.productimages", "pk": 45, "fields": {"image": "pearl-ring5-image3.jpg", "product": 15, "order": 3}}, {"model": "products.productimages", "pk": 46, "fields": {"image": "pearl-set1-image1.jpg", "product": 16, "order": 1}}, {"model": "products.productimages", "pk": 47, "fields": {"image": "pearl-set1-image2.jpg", "product": 16, "order": 2}}, {"model": "products.productimages", "pk": 48, "fields": {"image": "pearl-set1-image3.jpg", "product": 16, "order": 3}}, {"model": "products.productimages", "pk": 49, "fields": {"image": "pearl-set2-image1.jpg", "product": 17, "order": 1}}, {"model": "products.productimages", "pk": 50, "fields": {"image": "pearl-set2-image2.jpg", "product": 17, "order": 2}}, {"model": "products.productimages", "pk": 51, "fields": {"image": "pearl-set2-image3.jpg", "product": 17, "order": 3}}, {"model": "products.productimages", "pk": 52, "fields": {"image": "pearl-set3-image1.jpg", "product": 18, "order": 1}}, {"model": "products.productimages", "pk": 53, "fields": {"image": "pearl-set3-image2.jpg", "product": 18, "order": 2}}, {"model": "products.productimages", "pk": 54, "fields": {"image": "pearl-set3-image3.jpg", "product": 18, "order": 3}}, {"model": "products.productimages", "pk": 55, "fields": {"image": "pearl-set4-image1.jpg", "product": 19, "order": 1}}, {"model": "products.productimages", "pk": 56, "fields": {"image": "pearl-set4-image2.jpg", "product": 19, "order": 2}}, {"model": "products.productimages", "pk": 57, "fields": {"image": "pearl-set4-image3.jpg", "product": 19, "order": 3}}, {"model": "products.productimages", "pk": 58, "fields": {"image": "pearl-set5-image1.jpg", "product": 20, "order": 1}}, {"model": "products.productimages", "pk": 59, "fields": {"image": "pearl-set5-image2.jpg", "product": 20, "order": 2}}, {"model": "products.productimages", "pk": 60, "fields": {"image": "pearl-set5-image3.jpg", "product": 20, "order": 3}}]